﻿<?xml version="1.0" encoding="utf-8" ?>
<hibernate-configuration  xmlns="urn:nhibernate-configuration-2.2" >
  <session-factory name="NHibernateSessionFactory">
    <!-- properties -->
    <property name="connection.provider">NHibernate.Connection.DriverConnectionProvider</property>
    <property name="connection.driver_class">NHibernate.Driver.SqlClientDriver</property>
    <property name="connection.connection_string">Server=(local)\SQLEXPRESS;initial catalog=BILLIARD_HOLLYWOOD;User Id=DIGITAL;Password=DIGITAL$;</property>
    <property name="show_sql">false</property>
    <property name="dialect">NHibernate.Dialect.MsSql2005Dialect</property>
    <property name="use_outer_join">true</property>
    <!--<property name="query.substitutions">true 1, false 0, yes 'Y', no 'N'</property>
    <add key="hibernate.use_reflection_optimizer" value="false"/>-->
    
    <!-- mapping files -->
    <mapping assembly="Inventori.Billiard.Data" />
    <mapping assembly="Inventori.Data" />
  </session-factory>

</hibernate-configuration>